_id,ltable_id,rtable_id,ltable_title,ltable_year,rtable_title,rtable_year,label
1,1143,665397,...because it is my heart,2010,the hooker with a heart of gold,2010,0
6,4570,167497,2007 tec les paul award honoring al kooper,2007,no disparen al pianista,2007,0
11,8126,330487,6 simpatiche carogne - uno scacco tutto matto,1968,6 simpatiche carogne - uno scacco tutto matto,1968,1
13,14021,434949,a bullet in the mind's eye,2007,eye see me,2007,0
15,15210,332290,a constant forge,2000,a constant forge,2000,1
18,15622,350165,a cup of gay,2015,animal house of blues 33 1/3,2015,0
19,15622,427477,a cup of gay,2015,el making of del disc de la marató,2015,0
24,16146,651280,a day in the life of a 6 ft. black man,1995,the bridges of madison county,1995,0
27,22948,463060,a native of new york in beijing,2016,hands of stone,2016,0
36,27233,139105,a stiff upper lip,2010,lip service,2010,0
38,29043,391689,a very larry christmas,2013,christmas in the city,2013,0
41,30889,506796,a la deriva,2009,la barrera del sonido,2009,0
42,30889,506813,a la deriva,2009,la barrera del sonido,2009,0
47,40532,341231,ah! les belles bacchantes,1954,ah! les belles bacchantes,1954,1
53,47486,344347,alle kann ich nicht heiraten,1952,alle kann ich nicht heiraten,1952,1
56,54167,33814,an existential rupturing of hedonistic schemas,2011,body of proof,2011,0
57,54167,180734,an existential rupturing of hedonistic schemas,2011,person of interest,2011,0
60,55002,411374,an der saale hellem strande - ein kulturhaus erz?hlt,2010,der letzte weynfeldt,2010,0
62,58134,349969,angora love,1929,angora love,1929,1
65,58486,427477,animal house of blues 33 1/3,2015,el making of del disc de la marató,2015,0
66,58486,503017,animal house of blues 33 1/3,2015,knight of cups,2015,0
68,61764,158876,ao la xing: jin ji sheng dian,2015,morfi  todos a la mesa,2015,0
74,73917,355660,avant qu'il ne soit trop tard,2005,avant quil ne soit trop tard,2005,1
83,80325,358710,bajrangi bhaijaan,2015,bajrangi bhaijaan,2015,1
93,95865,30845,big sister. because of you,2009,big time rush,2009,0
94,95865,31029,big sister. because of you,2009,big time rush,2009,0
105,102549,657576,blood of the amazon,2011,the economics of happiness,2011,0
106,103507,502663,blue october  the things we do at night concert,2016,klangstof: we are your receiver,2016,0
110,111731,175426,bright brand new day,2013,orange is the new black,2013,0
111,111731,600542,bright brand new day,2013,runaway day,2013,0
116,114428,11123,buck fury: my side of the story,2011,american horror story,2011,0
121,114428,657576,buck fury: my side of the story,2011,the economics of happiness,2011,0
125,119797,382162,cabin in the sky,1943,cabin in the sky,1943,1
126,122223,383396,camp hell,2010,camp rock 2: the final jam,2010,0
128,122535,383567,campus sleuth,1948,campus sleuth,1948,1
131,122606,502663,can we all get along?,2016,klangstof: we are your receiver,2016,0
132,125334,384848,cari fottutissimi amici,1994,cari fottutissimi amici,1994,1
139,134470,228289,cheias de charme: o filme,2016,sueño de amor,2016,0
140,136992,33814,children of the sun,2011,body of proof,2011,0
152,144491,714120,club all in. la apuesta final,2014,violetta: la emoción del concierto,2014,0
156,146628,668240,collision of parts,2010,the king of fighters,2010,0
164,153953,668240,cost of living,2010,the king of fighters,2010,0
172,171584,350165,days of dust,2015,animal house of blues 33 1/3,2015,0
175,171796,228289,de chair et de sang,2016,sueño de amor,2016,0
178,171916,384215,de kluizenaar,2009,canção de amor e saúde,2009,0
179,172310,133214,de causas y azares,2007,la tele de tu vida,2007,0
183,172310,425725,de causas y azares,2007,eiga de tôjô! tamagotchi dokidoki! uchû no maigotchi?!,2007,0
192,180327,70070,der himmel k??t die berge - maria & margot hellwig,1995,die harald schmidt show,1995,0
196,187983,70694,die ausbildung,2011,die große chance,2011,0
200,193873,159452,discovering masterpieces of classical music: wolfgang amadeus mozart,2014,mozart in the jungle,2014,0
201,193873,700076,discovering masterpieces of classical music: wolfgang amadeus mozart,2014,top of the pops: the story of 1979,2014,0
202,194423,416651,distant voices  still lives,1988,distant voices  still lives,1988,1
205,195584,693141,do not leave me with strangers,2007,then she found me,2007,0
211,210072,665397,echoes of a storyteller,2010,the hooker with a heart of gold,2010,0
216,212003,133214,eiga de t?j?! tamagotchi dokidoki! uch? no maigotchi?!,2007,la tele de tu vida,2007,0
220,212003,167497,eiga de t?j?! tamagotchi dokidoki! uch? no maigotchi?!,2007,no disparen al pianista,2007,0
222,212766,425957,eine bewegung der zeit,1988,eine bewegung der zeit,1988,1
225,216285,427068,el cielo  probablemente,2012,el eco del miedo,2012,1
242,225487,320687,encounters at the end of the world,2007,word world,2007,0
245,227062,431217,enter the void,2009,enter the void,2009,1
251,230220,432203,eskimo brothers,2016,eskimo brothers,2016,1
252,230220,432206,eskimo brothers,2016,eskimo brothers,2016,1
254,239079,149774,fallujah the real story of the fall,2005,masters of horror,2005,0
262,241501,595053,fat  sick & nearly dead 2,2014,rio 2,2014,0
264,242901,556583,federal bureau of manners: the nod,2010,night of pop,2010,0
265,242901,665397,federal bureau of manners: the nod,2010,the hooker with a heart of gold,2010,0
266,242901,668240,federal bureau of manners: the nod,2010,the king of fighters,2010,0
278,255194,467701,forever beautiful,2012,hell on wheels gang girls forever,2012,0
279,255398,442633,forget my name,2008,for my wife...,2008,0
281,257582,639815,frames of mind,2013,tao of simon,2013,0
290,269716,124566,gentleman & the far east band live,2003,jimmy kimmel live!,2003,0
293,269966,413730,george lucas and anakin skywalker react to new star wars teaser,2014,dick clarks primetime new years rockin eve with ryan seacrest 2015,2014,0
295,273283,437438,giovanni's world of music,1995,father of the bride part ii,1995,0
296,273283,530081,giovanni's world of music,1995,magic gift of the snowman,1995,0
298,273832,236511,girls gone wild: best of sex in sin city,2008,the art of... when youre hot  young  poor and a filmmaker!,2008,0
299,273832,540256,girls gone wild: best of sex in sin city,2008,middle of nowhere,2008,0
302,273832,646903,girls gone wild: best of sex in sin city,2008,the art of kissing,2008,0
303,273832,674870,girls gone wild: best of sex in sin city,2008,the mysteries of pittsburgh,2008,0
306,276586,206616,god  sex & apple pie,1998,sex and the city,1998,0
308,276586,439814,god  sex & apple pie,1998,fiona apple: across the universe,1998,0
313,283166,138138,grief becomes me: a love story,2009,lie to me,2009,0
314,283166,138147,grief becomes me: a love story,2009,lie to me,2009,0
319,285095,525922,guilty of love,2001,love the hard way,2001,0
329,298178,467288,hectic knife,2016,hectic knife,2016,0
331,298748,350165,heirs of the soil,2015,animal house of blues 33 1/3,2015,0
336,299196,593595,hell of a job,2012,revenge of the petites,2012,0
340,302412,469249,herra huu - jestapa jepulis - penikat sipuliks,1973,herra huu - jestapa jepulis - penikat sipuliks,1973,1
342,304016,548526,high fidelity,2012,music high,2012,0
344,309642,236511,holodomor: ukraine's genocide of 1932-33,2008,the art of... when youre hot  young  poor and a filmmaker!,2008,0
345,309642,540256,holodomor: ukraine's genocide of 1932-33,2008,middle of nowhere,2008,0
354,313064,475282,hot chocolate,2015,hot tub time machine 2,2015,0
358,313942,475582,hounds of zaroff,2016,hounds of zaroff,2016,1
362,314254,475582,house of purgatory,2016,hounds of zaroff,2016,0
370,315696,24756,how to lose friends & alienate people,2008,beautiful people,2008,0
371,315696,476577,how to lose friends & alienate people,2008,how to lose friends & alienate people,2008,0
374,316892,200507,huellas en el cielo  jorge loring y la odisea del zepel?n,2012,salve jorge,2012,0
377,316919,93695,huespedes de la guerra,2007,fuego en la sangre,2007,0
385,317873,477601,hung fan kui,1995,hung fan kui,1995,1
387,320419,616048,i feel like a hero,2012,sing me the songs that say i love you: a concert for kate mcgarrigle,2012,0
395,322034,114187,i was a dancer,2005,how i met your mother,2005,0
398,323062,480379,i mama menya prostit,1975,i mama menya prostit,1975,1
409,334010,282829,in search of a sunset,2013,the voice of the philippines,2013,0
410,334010,639815,in search of a sunset,2013,tao of simon,2013,0
413,335070,412990,in the company of angels,2005,devons ghost: legend of the bloody boy,2005,0
417,338742,175426,innersection: black,2013,orange is the new black,2013,0
418,338742,175755,innersection: black,2013,orphan black,2013,0
419,338838,681392,innocent revenge,1985,the revenge of the teenage vixens from outer space,1985,0
420,340213,30845,integral of time,2009,big time rush,2009,0
422,340213,309718,integral of time,2009,united states of tara,2009,0
427,355760,492828,joe strummer: the future is unwritten,2007,joe strummer: the future is unwritten,2007,1
429,356315,251792,john plough's the dance of hands,2012,the legend of korra,2012,0
432,357498,349229,josef & horazio - die typen aus liebesfluch,2013,and then you die!,2013,0
434,358273,494286,joven y alocada,2012,joven y alocada,2012,1
442,361190,699689,just your average halloween party,2016,tony robbins: i am not your guru,2016,0
443,361597,160879,justin bieber's road to the video music awards,2010,music nuggets,2010,0
445,369103,498661,kauas pilvet karkaavat,1996,kauas pilvet karkaavat,1996,1
446,369974,462646,keep the party going,2012,halloween party,2012,0
448,372826,236511,kidz bop: live at the house of blues,2008,the art of... when youre hot  young  poor and a filmmaker!,2008,0
451,372826,540256,kidz bop: live at the house of blues,2008,middle of nowhere,2008,0
454,372826,646903,kidz bop: live at the house of blues,2008,the art of kissing,2008,0
459,373261,306322,kill me now,2013,tu cara me suena - argentina,2013,0
466,389939,99951,la ?ltima proyecci?n,2014,gomorra - la serie,2014,0
468,390514,506474,la fiesta de santa barbara,1935,la fiesta de santa barbara,1935,1
476,393893,132826,la corporaci?n,2012,la mujer del vendaval,2012,0
480,395836,158904,la fin,2015,morfi  todos a la mesa,2015,0
501,403563,132826,la tuna ,2012,la mujer del vendaval,2012,0
502,403563,318694,la tuna ,2012,wicked tuna,2012,0
503,403844,506827,la venganza de la sombra,1962,la bella lola,1962,0
506,404290,714120,la vie en rose comme dans les films,2014,violetta: la emoción del concierto,2014,0
507,405365,480494,ladies in love,1936,id love to take orders from you,1936,0
515,407285,510969,lanfranchi's memorial discotheque,2010,lanfranchis memorial discotheque,2010,1
518,407616,538038,lapse of fascia,2005,memoirs of a geisha,2005,0
519,407616,593177,lapse of fascia,2005,return of the living dead: necropolis,2005,0
523,411889,513017,le bassin de j.w.,1997,le bassin de j.w.,1997,1
527,412588,506739,le chemin de la mauvaise route,1963,la baie des anges,1963,0
530,418649,149774,leaving home  coming home: a portrait of robert frank,2005,masters of horror,2005,0
533,418649,593177,leaving home  coming home: a portrait of robert frank,2005,return of the living dead: necropolis,2005,0
536,423461,96186,les paysans  60 ans de r?volution,2010,gent de paraula,2010,0
547,427561,606869,life is not a musical: the musical,2010,score: a hockey musical,2010,0
549,427580,545383,life is a banquet,2009,morris: a life with bells on,2009,0
550,428260,349229,life's a bitch  and then you're dead,2013,and then you die!,2013,0
551,429018,475282,lights  camera  action time lapse,2015,hot tub time machine 2,2015,0
555,431632,519875,little losers,2004,little black book,2004,0
556,432508,521122,live  love and learn,1937,live  love and learn,1937,1
559,433079,715750,lizard kings: making of giants of patagonia,2004,wwe day of reckoning,2004,0
561,434266,31234,logic of the birds,2002,birds of prey,2002,0
566,434266,692791,logic of the birds,2002,the yogis of tibet,2002,0
569,437963,427068,los ojos del ?ngel,2012,el eco del miedo,2012,0
570,438031,523697,los peores a?os de nuestra vida,1994,los peores años de nuestra vida,1994,1
582,461440,657576,mater suspiria vision: seduction of the armageddon witches,2011,the economics of happiness,2011,0
588,465268,427477,mega ran & bag of tricks cat: bound to be,2015,el making of del disc de la marató,2015,0
591,466699,236511,memoirs of the last samurai's geisha,2008,the art of... when youre hot  young  poor and a filmmaker!,2008,0
600,467078,548526,memphis gold: blues behind the music documentary,2012,music high,2012,0
601,468822,556583,meshes of the afternoon  later,2010,night of pop,2010,0
603,468822,668240,meshes of the afternoon  later,2010,the king of fighters,2010,0
606,469720,556257,mexican donald trump hosts mexican saturday night live,2015,night fall,2015,0
610,470912,518575,michael jackson: the life and times of the king of pop,2009,life by lobster,2009,0
617,479974,543680,mon p?re  ma m?re  mes fr?res et mes soeurs,1999,mon père  ma mère  mes frères et mes soeurs,1999,1
618,480432,226736,money wars,2010,storage wars,2010,1
620,482418,251792,more afraid of you,2012,the legend of korra,2012,0
621,482418,593595,more afraid of you,2012,revenge of the petites,2012,0
629,483397,506796,mosca detr?s de la oreja de bart?k,2009,la barrera del sonido,2009,0
633,486801,547263,mrs. miniver,1942,mrs. miniver,1942,1
635,491037,549270,my best friend is a vampire,1987,my best friend is a vampire,1987,1
639,492958,180734,my name was bette: the life and death of an alcoholic,2011,person of interest,2011,0
640,492958,235690,my name was bette: the life and death of an alcoholic,2011,the adventures of superseven,2011,0
645,501596,383396,neil diamond: radio 2 electric prom,2010,camp rock 2: the final jam,2010,0
647,501596,495758,neil diamond: radio 2 electric prom,2010,just dance 2,2010,0
649,504195,175426,new york christmas party,2013,orange is the new black,2013,0
652,505258,675707,nice package,2016,the nice guys,2016,0
655,509770,167497,no outlet,2007,no disparen al pianista,2007,0
659,512717,559397,norman... is that you?,1976,norman... is that you?,1976,1
662,517129,282829,o angel of god,2013,the voice of the philippines,2013,0
667,518525,185916,o que eu entendo por amor,2013,por siempre mi amor,2013,1
669,522033,180734,of love and breakfast,2011,person of interest,2011,0
670,522033,235690,of love and breakfast,2011,the adventures of superseven,2011,0
676,528665,115910,one love volume 3: pure heat,2005,i love the 80s 3-d,2005,0
686,533343,281384,orlok the vampire in 3d,2009,the vampire diaries,2009,0
687,533343,281827,orlok the vampire in 3d,2009,the vampire diaries,2009,0
690,535326,568136,otto  or  up with dead people,2008,otto  or  up with dead people,2008,1
692,538392,33814,p.o.e. poetry of eerie,2011,body of proof,2011,0
705,549109,646903,patti smith: dream of life,2008,the art of kissing,2008,0
709,549294,573157,paul williams still alive,2011,paul williams still alive,2011,1
715,549332,674870,paul  playboy of the popular world,2008,the mysteries of pittsburgh,2008,0
730,559304,634251,pit of vipers,1999,summer of sam,1999,0
732,560054,578013,plane daffy,1944,plane daffy,1944,1
743,569350,581908,prehistoric porky,1940,prehistoric porky,1940,1
749,576759,585323,pure s,1975,pure s,1975,1
753,586172,589869,ratataa eller the staffan stolle story,1956,ratataa eller the staffan stolle story,1956,1
754,587423,476577,real friends and family,2008,how to lose friends & alienate people,2008,0
763,591479,427477,remains of an absent mind,2015,el making of del disc de la marató,2015,0
767,594398,334956,return of the living dead: part ii,1988,a night in the life of jimmy reardon,1988,0
768,594445,387537,return or we exist... 2,2015,cementerio general 2,2015,0
771,594470,639815,return to eden prairie: 25 years of mystery science theater 3000,2013,tao of simon,2013,0
772,598715,251792,river of life,2012,the legend of korra,2012,0
774,598715,671464,river of life,2012,the lords of salem,2012,0
776,599768,596493,robin and the 7 hoods,1964,robin and the 7 hoods,1964,1
778,601002,604847,roger laporte  la clairi?re et le refuge - le?ons sur heidegger,2011,sau  de les tallades a la glòria,2011,0
779,602412,201144,rongdhonu: a story of an artist,2015,sasha  the princess of darkness,2015,0
796,617639,201144,saving birds of prey,2015,sasha  the princess of darkness,2015,0
805,619995,690828,school of the dead,2010,the weird world of blowfly,2010,0
806,620555,518414,score: a hockey musical,2010,life is not a musical: the musical,2010,0
807,620555,606869,score: a hockey musical,2010,score: a hockey musical,2010,1
808,623412,463060,secret of slenderman 3,2016,hands of stone,2016,0
813,628886,476202,seven times a day we bemoan our lot and at night we get up to avoid dreaming,2014,how we got away with it,2014,0
815,629272,396699,sex files: creating the perfect man,2000,company man,2000,0
822,635968,605268,shivers down your spine: a christmas horror story,2014,saving christmas,2014,0
825,642873,652849,sir: just a normal guy,2002,the charlatans: just looking,2002,0
828,645603,616048,slash: apocalyptic love - live in new york,2012,sing me the songs that say i love you: a concert for kate mcgarrigle,2012,0
832,648505,251498,sneak out! late night tomfoolery for the early adolescent,2005,the late late show with craig ferguson,2005,0
833,648505,620025,sneak out! late night tomfoolery for the early adolescent,2005,sneak out! late night tomfoolery for the early adolescent,2005,1
849,656797,625107,space trucker bruce,2014,space trucker bruce,2014,1
851,661905,201144,star force 7: the chill of distant eyes,2015,sasha  the princess of darkness,2015,0
854,661905,503017,star force 7: the chill of distant eyes,2015,knight of cups,2015,0
855,661934,628160,star night at the cocoanut grove,1934,star night at the cocoanut grove,1934,1
856,662029,195885,star trek: the next generation - the unknown possibilities of existence: making all good things...,2014,risking it all,2014,0
858,664461,630443,stiff upper lips,1998,stiff upper lips,1998,1
863,671532,350165,summertime blues,2015,animal house of blues 33 1/3,2015,0
865,672420,580836,sunshine girl and the hunt for black eyed kids,2012,porns top black models 3,2012,0
872,677993,486786,t o in 2 4,2010,iron man 2,2010,0
873,677993,495758,t o in 2 4,2010,just dance 2,2010,0
880,683213,306608,tape me: reel 1,2011,tu cara me suena,2011,0
883,690337,642794,that man bolt,1973,that man bolt,1973,1
884,691846,645717,the adventure of sherlock holmes' smarter brother,1975,the adventure of sherlock holmes smarter brother,1975,1
887,692094,586692,the adventures of pluto nash,2002,queen of the damned,2002,0
889,692094,671439,the adventures of pluto nash,2002,the lord of the rings: the two towers,2002,0
891,693082,309718,the anatomy of vince guaraldi,2009,united states of tara,2009,0
892,693082,437456,the anatomy of vince guaraldi,2009,fathers of girls,2009,0
894,693165,593595,the angel of my life,2012,revenge of the petites,2012,0
898,696096,309718,the battle of swat valley,2009,united states of tara,2009,0
901,697237,238567,the big bang theory,2007,the big bang theory,2007,1
904,697434,139553,the big house ain't a home,1974,little house on the prairie,1974,0
911,701065,651658,the bugs bunny/road-runner movie,1979,the bugs bunny/road-runner movie,1979,1
923,709349,645851,the deathworms of kratos,2002,the adventures of pluto nash,2002,0
928,709603,655867,the delicate art of parking,2003,the delicate art of parking,2003,1
930,712751,180734,the economics of happiness,2011,person of interest,2011,0
933,714247,298511,the evil of frankenstein,1964,top of the pops,1964,0
935,714247,300395,the evil of frankenstein,1964,top of the pops,1964,0
943,714247,658622,the evil of frankenstein,1964,the evil of frankenstein,1964,1
948,718620,201144,the fragile beat of the heart,2015,sasha  the princess of darkness,2015,0
956,724201,282829,the hand of now,2013,the voice of the philippines,2013,0
960,724460,115910,the hard facts of a rock n roll crush: parts i  ii & iii,2005,i love the 80s 3-d,2005,0
973,726548,556583,the hooker with a heart of gold,2010,night of pop,2010,0
976,726548,690828,the hooker with a heart of gold,2010,the weird world of blowfly,2010,0
985,726663,303491,the horror of party beach,1964,top of the pops,1964,0
990,728390,639815,the inevitable defeat of mister & pete,2013,tao of simon,2013,0
994,729424,475582,the jack richard smith documentary: a portrait of an artist,2016,hounds of zaroff,2016,0
999,730743,586692,the killing of candice klein,2002,queen of the damned,2002,0
1009,731949,512076,the last ache,2009,last ride,2009,0
1020,734248,236511,the legend of the bat,2008,the art of... when youre hot  young  poor and a filmmaker!,2008,0
1021,734248,493137,the legend of the bat,2008,john legend: live from philadelphia,2008,0
1022,734248,540256,the legend of the bat,2008,middle of nowhere,2008,0
1024,734248,584555,the legend of the bat,2008,public enemies: the golden age of the gangster film,2008,0
1038,736790,522154,the lost dinosaurs of new zealand,2002,lone star state of mind,2002,0
1039,736790,586692,the lost dinosaurs of new zealand,2002,queen of the damned,2002,0
1043,737265,201144,the love song of m. anderson vincent,2015,sasha  the princess of darkness,2015,0
1058,738562,235690,the making of all stars 2 old stars,2011,the adventures of superseven,2011,0
1059,738562,391772,the making of all stars 2 old stars,2011,chromeskull: laid to rest 2,2011,0
1061,738577,251792,the making of corre ,2012,the legend of korra,2012,0
1074,741776,593177,the mindscape of alan moore,2005,return of the living dead: necropolis,2005,0
1075,741776,704692,the mindscape of alan moore,2005,tupac: live at the house of blues,2005,0
1081,743451,700076,the murder of the tsarevich ivan ivanovich,2014,top of the pops: the story of 1979,2014,0
1090,744541,175426,the new black,2013,orange is the new black,2013,0
1092,745311,135168,the night we got old,2014,late night with seth meyers,2014,0
1094,745341,201144,the night of the fall,2015,sasha  the princess of darkness,2015,0
1096,745341,427477,the night of the fall,2015,el making of del disc de la marató,2015,0
1101,746154,522154,the official review of the fifa world cup 2002,2002,lone star state of mind,2002,0
1102,746154,586692,the official review of the fifa world cup 2002,2002,queen of the damned,2002,0
1103,746154,645851,the official review of the fifa world cup 2002,2002,the adventures of pluto nash,2002,0
1106,746490,430686,the old  weird america: harry smith's anthology of american folk music,2007,encounters at the end of the world,2007,0
1107,746490,467031,the old  weird america: harry smith's anthology of american folk music,2007,heaven and hell: live from radio city music hall,2007,0
1118,749745,353697,the philadelphia orchestra concert series live in hd: starry night of romeo & juliet,2010,as night falls,2010,0
1121,749745,665397,the philadelphia orchestra concert series live in hd: starry night of romeo & juliet,2010,the hooker with a heart of gold,2010,0
1122,749745,668240,the philadelphia orchestra concert series live in hd: starry night of romeo & juliet,2010,the king of fighters,2010,0
1124,750028,715750,the pieces of chente's body,2004,wwe day of reckoning,2004,0
1131,755699,496043,the revenge of the teenage vixens from outer space,1985,just one of the guys,1985,0
1132,755699,681392,the revenge of the teenage vixens from outer space,1985,the revenge of the teenage vixens from outer space,1985,1
1141,756782,196754,the rock 'n' roll dreams of duncan christopher,2010,rock suomi,2010,0
1145,756782,668240,the rock 'n' roll dreams of duncan christopher,2010,the king of fighters,2010,0
1146,756782,690828,the rock 'n' roll dreams of duncan christopher,2010,the weird world of blowfly,2010,0
1148,762518,700771,the soft touch,2011,touch,2011,0
1162,765273,584555,the stressful adventures of boxhead & roundhead: brothers in arms,2008,public enemies: the golden age of the gangster film,2008,0
1169,766505,309718,the tails of abbygail-shipwrecked,2009,united states of tara,2009,0
1171,766705,463060,the tales of the old piano: johann strauss,2016,hands of stone,2016,0
1177,767010,651280,the tears of heaven,1995,the bridges of madison county,1995,0
1180,767012,671464,the tears of a clown,2012,the lords of salem,2012,0
1189,770832,700076,the unauthorised biography of johnny cash,2014,top of the pops: the story of 1979,2014,0
1195,773226,572939,the walk of the zombies,2008,patti smith: dream of life,2008,0
1198,773226,674870,the walk of the zombies,2008,the mysteries of pittsburgh,2008,0
1199,773226,701527,the walk of the zombies,2008,trailer park of terror,2008,0
1200,773226,720363,the walk of the zombies,2008,wetlands preserved: the story of an activist nightclub,2008,0
1202,773722,475582,the water angel of east porterville,2016,hounds of zaroff,2016,0
1208,776390,692044,the word universe: a journey to west africa,1995,the word universe: a journey to west africa,1995,1
1213,780742,556583,this is the story of the girl i love,2010,night of pop,2010,0
1216,780742,690828,this is the story of the girl i love,2010,the weird world of blowfly,2010,0
1218,780783,521022,this life i live,2008,live from austin tx: norah jones,2008,0
1219,780783,572939,this life i live,2008,patti smith: dream of life,2008,0
1220,781060,695266,this week of grace,1933,this week of grace,1933,1
1221,781265,476577,thomas & friends: the great discovery - the movie,2008,how to lose friends & alienate people,2008,0
1225,781693,556583,thoughts of suicide on an otherwise lovely day,2010,night of pop,2010,0
1226,781693,665397,thoughts of suicide on an otherwise lovely day,2010,the hooker with a heart of gold,2010,0
1231,785777,463060,time of fun together: the delusion of harry partch,2016,hands of stone,2016,0
1233,785780,33814,time of heroes,2011,body of proof,2011,0
1240,786702,151515,tiss?e de mains et d'?toffe,2007,memòries de la tele,2007,0
1244,788818,506796,toda la gente sola,2009,la barrera del sonido,2009,0
1246,790437,699208,tomorrow may never come,2014,tomorrow may never come,2014,1
1250,793039,616048,tough love the movie,2012,sing me the songs that say i love you: a concert for kate mcgarrigle,2012,0
1254,794665,406164,trailer park boys: the movie,2006,date movie,2006,0
1259,798374,350165,triumph of time,2015,animal house of blues 33 1/3,2015,0
1260,798374,427477,triumph of time,2015,el making of del disc de la marató,2015,0
1263,798753,703337,troop beverly hills,1989,troop beverly hills,1989,1
1267,800025,648003,trying to fuck: a modern day romance,2016,the beach boys: a day at the san diego zoo,2016,0
1271,802847,578250,twice as dead,2009,play dead,2009,0
1274,804441,706081,two-fisted stranger,1946,two-fisted stranger,1946,1
1278,809622,312914,un train pour la france,2013,vespre a la 2,2013,0
1280,809622,603022,un train pour la france,2013,samedi soir on chante france gall,2013,0
1281,809924,158876,una noche en la guarida del ?ngel: el atraco,2015,morfi  todos a la mesa,2015,0
1282,809924,158904,una noche en la guarida del ?ngel: el atraco,2015,morfi  todos a la mesa,2015,0
1285,809925,158904,una noche en la guarida del ?ngel: encuentro en ibiza,2015,morfi  todos a la mesa,2015,0
1287,810508,99951,una pareja de hecho: de hecho  una pareja - la generaci?n zp,2014,gomorra - la serie,2014,0
1288,810508,714120,una pareja de hecho: de hecho  una pareja - la generaci?n zp,2014,violetta: la emoción del concierto,2014,0
1289,812194,427068,underboy en el mundo de los pirobos,2012,el eco del miedo,2012,0
1295,815294,692791,unspeakable: the life & art of reverend steven johnson leyba,2002,the yogis of tibet,2002,0
1296,815606,554219,until the day i die: part 2,2016,neighbors 2: sorority rising,2016,0
1300,816167,90605,untold stories of sammy smalls: pt. 1,2009,formula 1: bbc sport,2009,0
1308,820536,281384,vampire city 2: rock 'n roll zombies from outer space,2009,the vampire diaries,2009,0
1309,820536,281827,vampire city 2: rock 'n roll zombies from outer space,2009,the vampire diaries,2009,0
1312,820536,648235,vampire city 2: rock 'n roll zombies from outer space,2009,the beatles: rock band,2009,0
1313,822314,616048,veggietales: if i sang a silly song,2012,sing me the songs that say i love you: a concert for kate mcgarrigle,2012,0
1314,823031,251792,vengeance: episode 5 - matters of the heart,2012,the legend of korra,2012,0
1322,825829,350165,videogracias! expect some spicey heat from a great gang of hellions.,2015,animal house of blues 33 1/3,2015,0
1326,826997,663415,vince and cherry's greatest hits,2011,the greatest movie ever sold,2011,0
1331,827700,427477,virginity loss of innocence,2015,el making of del disc de la marató,2015,0
1332,827700,503017,virginity loss of innocence,2015,knight of cups,2015,0
1337,828496,655867,visual and sonic study of plastic,2003,the delicate art of parking,2003,0
1339,829552,383396,voice mail - 2,2010,camp rock 2: the final jam,2010,0
1355,832390,716241,wagon wheels west,1943,wagon wheels west,1943,1
1356,833979,282829,walter out of the blue,2013,the voice of the philippines,2013,0
1357,833979,639815,walter out of the blue,2013,tao of simon,2013,0
1370,837995,149774,weapons of mass seduction,2005,masters of horror,2005,0
1372,837995,538038,weapons of mass seduction,2005,memoirs of a geisha,2005,0
1373,837995,593177,weapons of mass seduction,2005,return of the living dead: necropolis,2005,0
1376,839803,720067,wesley willis's joyrides,2008,wesley williss joyrides,2008,1
1382,840291,236511,wetlands preserved: the story of an activist nightclub,2008,the art of... when youre hot  young  poor and a filmmaker!,2008,0
1384,840291,572939,wetlands preserved: the story of an activist nightclub,2008,patti smith: dream of life,2008,0
1389,840291,720363,wetlands preserved: the story of an activist nightclub,2008,wetlands preserved: the story of an activist nightclub,2008,1
1390,840605,616048,what do i say?,2012,sing me the songs that say i love you: a concert for kate mcgarrigle,2012,0
1391,840756,720589,what happened last night,2016,what happened last night,2016,1
1397,841169,251307,what makes a man more savage?,2015,the last man on earth,2015,0
1401,842329,455101,when bad things happen to good people,2007,good boy  bad boy,2007,0
1428,845929,72376,who is bozo texino?,2005,doctor who,2005,0
1429,845929,662309,who is bozo texino?,2005,the god who wasnt there,2005,0
1430,845952,723407,who is harry kellerman and why is he saying those terrible things about me?,1971,who is harry kellerman and why is he saying those terrible things about me?,1971,1
1433,846317,367002,who's afraid of the big black wolf?,2012,big black wet asses 12,2012,0
1438,846717,476577,why come there ain't no black people in mayberry,2008,how to lose friends & alienate people,2008,0
1443,846855,616048,why i went to the woods: david lanier's story,2012,sing me the songs that say i love you: a concert for kate mcgarrigle,2012,0
1445,847830,724602,wild birds,2010,wild target,2010,0
1448,848313,1283,wilderness: lost dog vol. 1,2005,20 to 1,2005,0
1450,848313,1724,wilderness: lost dog vol. 1,2005,20 to 1,2005,0
1457,849260,622648,winds of the wasteland,1936,song of freedom,1936,0
1463,850920,522154,within the skins of saints,2002,lone star state of mind,2002,0
1465,850920,645851,within the skins of saints,2002,the adventures of pluto nash,2002,0
1471,851154,645851,witness to hope: the life of karol wojtyla  pope john paul ii,2002,the adventures of pluto nash,2002,0
1475,851280,172251,wo de ye man nu you 2,2010,one man band,2010,0
1476,851280,383396,wo de ye man nu you 2,2010,camp rock 2: the final jam,2010,0
1492,853414,693244,world's greatest head massage  part i and ii,2016,there i go,2016,0
1496,853796,475582,wrath of a great white serial killer,2016,hounds of zaroff,2016,0
1500,854875,467035,xxx live,2007,heaven and hell: live from radio city music hall,2007,0
1502,856065,107720,y el cine marcha. una historia del cine al servicio de los derechos humanos,2008,hechos y protagonistas,2008,0
1505,856345,247895,y?vuoro: night of the living doll,1995,the history of rock n roll,1995,0
1507,856345,530081,y?vuoro: night of the living doll,1995,magic gift of the snowman,1995,0
1510,856746,728384,yagavarayinum naa kakka,2015,yagavarayinum naa kakka,2015,1
1514,859609,336299,ynang-bayan: to be a woman is to live at a time of war,1991,a time to die,1991,0
1526,860814,693244,you got what i need,2016,there i go,2016,0
1527,860814,699689,you got what i need,2016,tony robbins: i am not your guru,2016,0
1533,860905,404351,you love me i hate you,1994,dance me outside,1994,0
1535,860912,306322,you make me feel so young,2013,tu cara me suena - argentina,2013,0
1537,860986,521122,you only live once,1937,live  love and learn,1937,0
1544,861069,217540,you think you really know me: the gary wilson story,2005,so you think you can dance,2005,0
1554,861353,466873,you're looking at me like i live here and i don't,2010,heaven & hell - neon nights  live in europe,2010,0
1556,861474,251307,you're a good man  charlie brown,2015,the last man on earth,2015,0
1565,862005,600542,your day is gonna come,2013,runaway day,2013,0
1567,862165,699689,your second chance,2016,tony robbins: i am not your guru,2016,0
1575,864604,185916,zarpazos! un viaje por el spanish horror,2013,por siempre mi amor,2013,0
1576,864836,731679,zbog tebe,2016,zbog tebe,2016,1
1582,866630,668240,zimbabwe: state of denial,2010,the king of fighters,2010,0
1583,866630,690828,zimbabwe: state of denial,2010,the weird world of blowfly,2010,0
1589,867718,625107,zombie queen from outer space,2014,space trucker bruce,2014,0
1593,867862,593595,zombies of oz: tin,2012,revenge of the petites,2012,0
1596,867901,180734,zombinladen: the axis of evil dead,2011,person of interest,2011,0
1598,867901,657576,zombinladen: the axis of evil dead,2011,the economics of happiness,2011,0
1602,868209,715750,zork & zamien's big day out,2004,wwe day of reckoning,2004,0
1607,869183,715750,zzzzzzzzzz: john doel portrait of a sleepologist,2004,wwe day of reckoning,2004,0
1614,869228,435978,b r o k e n... a love story,2007,fall guy: the john stewart story,2007,0
1617,869325,149774,exposed: the making of a legend,2005,masters of horror,2005,0
1625,869508,168029,il mondo di patty - la festa di patty al cinema,2010,no me la puc treure del cap,2010,0
1645,869715,350165,thousands of children,2015,animal house of blues 33 1/3,2015,0
